User name,AWS access key,Event time,Event source,Event name,AWS region,Source IP address,User agent,Error code,Resources,Request ID,Event ID,Read-only,Event type,Recipient Account Id,Event category
root,ASIAYKJK2ZQKPRXUMTPP,2021-01-23T15:48:10Z,iam.amazonaws.com,CreateLoginProfile,us-east-1,146.112.250.243,console.amazonaws.com,,"[{""resourceType"":""AWS::IAM::User"",""resourceName"":""Accountant""}]",c5f3a56e-7826-4562-a170-c0259127beb2,b4a9e8f9-5aea-42c5-a3bc-8e56f36dba05,FALSE,AwsApiCall,5.71857E+11,Management
root,ASIAYKJK2ZQKPRXUMTPP,2021-01-23T15:48:09Z,iam.amazonaws.com,AddUserToGroup,us-east-1,146.112.250.243,console.amazonaws.com,,"[{""resourceType"":""AWS::IAM::User"",""resourceName"":""Accountant""},{""resourceType"":""AWS::IAM::Group"",""resourceName"":""Reviewers""}]",676adcce-eeef-4e86-83d4-72a0c7265fb0,1361734a-7bb1-4724-85e1-73fd254c4d4b,FALSE,AwsApiCall,5.71857E+11,Management
root,ASIAYKJK2ZQKPRXUMTPP,2021-01-23T15:48:09Z,iam.amazonaws.com,CreateUser,us-east-1,146.112.250.243,console.amazonaws.com,,"[{""resourceType"":""AWS::IAM::User"",""resourceName"":""AIDAYKJK2ZQKA5HY2CTAC""},{""resourceType"":""AWS::IAM::User"",""resourceName"":""Accountant""},{""resourceType"":""AWS::IAM::User"",""resourceName"":""arn:aws:iam::571857357844:user/Accountant""}]",53411ed2-269b-4c38-be90-7bb9fd4e9342,e086d747-3805-4f82-8b17-29dab7631a8f,FALSE,AwsApiCall,5.71857E+11,Management
root,ASIAYKJK2ZQKPRXUMTPP,2021-01-23T15:47:12Z,iam.amazonaws.com,AddUserToGroup,us-east-1,146.112.250.243,console.amazonaws.com,,"[{""resourceType"":""AWS::IAM::User"",""resourceName"":""CloudTrail""},{""resourceType"":""AWS::IAM::Group"",""resourceName"":""CloudTrailAdmins""}]",0b382e9e-6b8e-4d37-b57d-5b277b1ac318,90643be7-1461-431b-9a90-e7615bf740e3,FALSE,AwsApiCall,5.71857E+11,Management
root,,2021-01-23T15:38:39Z,signin.amazonaws.com,ConsoleLogin,us-east-1,146.112.44.167,"Mozilla/5.0 (Windows NT 10.0; Win64; x64) AppleWebKit/537.36 (KHTML, like Gecko) Chrome/87.0.4280.141 Safari/537.36",,[],,84bb0e02-bec7-4fac-90d8-b6d831ce4b16,FALSE,AwsConsoleSignIn,5.71857E+11,Management
CloudTrail,,2021-01-23T15:35:40Z,signin.amazonaws.com,ConsoleLogin,us-east-1,146.112.44.23,"Mozilla/5.0 (Windows NT 10.0; Win64; x64) AppleWebKit/537.36 (KHTML, like Gecko) Chrome/87.0.4280.141 Safari/537.36",,[],,bd6a6df7-c114-4941-905a-467ed888e0b3,FALSE,AwsConsoleSignIn,5.71857E+11,Management
CloudTrail,ASIAYKJK2ZQKAZJRS5F3,2021-01-22T01:35:43Z,cloudtrail.amazonaws.com,StopLogging,us-east-1,146.112.245.199,console.amazonaws.com,,"[{""resourceType"":""AWS::CloudTrail::Trail"",""resourceName"":""arn:aws:cloudtrail:us-east-1:571857357844:trail/Udacity_Trail""}]",1ba65905-ff8c-4a1f-9065-0b0f24ee672f,3d5ced15-0be6-459d-b663-74203c1199ed,FALSE,AwsApiCall,5.71857E+11,Management
CloudTrail,ASIAYKJK2ZQKL6PYRWJH,2021-01-22T01:12:10Z,cloudtrail.amazonaws.com,PutEventSelectors,us-east-1,146.112.44.245,console.amazonaws.com,,"[{""resourceType"":""AWS::CloudTrail::Trail"",""resourceName"":""Udacity_Trail""},{""resourceType"":""AWS::CloudTrail::Trail"",""resourceName"":""arn:aws:cloudtrail:us-east-1:571857357844:trail/Udacity_Trail""}]",40d53983-66f0-4f20-ac84-00b2713babaf,0059dac3-3996-4b89-a4b6-e4ed9ea061f1,FALSE,AwsApiCall,5.71857E+11,Management
CloudTrail,ASIAYKJK2ZQKL6PYRWJH,2021-01-22T01:12:10Z,cloudtrail.amazonaws.com,StartLogging,us-east-1,146.112.44.245,console.amazonaws.com,,"[{""resourceType"":""AWS::CloudTrail::Trail"",""resourceName"":""Udacity_Trail""}]",50950d8b-7a51-46ad-a1ac-0df01b5152bd,2b5618f8-f58e-431e-9254-026c1869ff8a,FALSE,AwsApiCall,5.71857E+11,Management
CloudTrail,ASIAYKJK2ZQKL6PYRWJH,2021-01-22T01:12:10Z,cloudtrail.amazonaws.com,CreateTrail,us-east-1,146.112.44.245,console.amazonaws.com,,"[{""resourceType"":""AWS::CloudTrail::Trail"",""resourceName"":""Udacity_Trail""},{""resourceType"":""AWS::CloudTrail::Trail"",""resourceName"":""arn:aws:cloudtrail:us-east-1:571857357844:trail/Udacity_Trail""},{""resourceType"":""AWS::S3::Bucket"",""resourceName"":""primaryudacitywebsite""}]",8b5af449-da9e-49d2-a29b-81039711998a,8f933b3c-0bad-4099-b476-9c570c90f21a,FALSE,AwsApiCall,5.71857E+11,Management
CloudTrail,ASIAYKJK2ZQKL6PYRWJH,2021-01-22T01:12:10Z,cloudtrail.amazonaws.com,PutInsightSelectors,us-east-1,146.112.44.245,console.amazonaws.com,,"[{""resourceType"":""AWS::CloudTrail::Trail"",""resourceName"":""Udacity_Trail""},{""resourceType"":""AWS::CloudTrail::Trail"",""resourceName"":""arn:aws:cloudtrail:us-east-1:571857357844:trail/Udacity_Trail""}]",4b805e39-97bd-40cb-9b96-63c2fcfdf341,caaa0987-7214-42fc-89c1-44a6b40cad8d,FALSE,AwsApiCall,5.71857E+11,Management
CloudTrail,ASIAYKJK2ZQKL6PYRWJH,2021-01-22T01:12:09Z,s3.amazonaws.com,PutBucketPolicy,us-east-1,146.112.44.245,"[AWSCloudTrail, aws-internal/3 aws-sdk-java/1.11.920 Linux/4.9.230-0.1.ac.223.84.332.metal1.x86_64 OpenJDK_64-Bit_Server_VM/25.275-b01 java/1.8.0_275 vendor/Oracle_Corporation]",,"[{""resourceType"":""AWS::S3::Bucket"",""resourceName"":""primaryudacitywebsite""}]",4M7N0N0XCX8Y1K7M,2316cdc8-02b1-471a-8bd9-7a95675ac4df,FALSE,AwsApiCall,5.71857E+11,Management
CloudTrail,,2021-01-22T01:10:39Z,signin.amazonaws.com,ConsoleLogin,us-east-1,146.112.44.44,"Mozilla/5.0 (Windows NT 10.0; Win64; x64) AppleWebKit/537.36 (KHTML, like Gecko) Chrome/87.0.4280.141 Safari/537.36",,[],,55fd3179-49e6-4495-bb34-2258b4d1b80f,FALSE,AwsConsoleSignIn,5.71857E+11,Management
HIDDEN_DUE_TO_SECURITY_REASONS,,2021-01-22T01:10:06Z,signin.amazonaws.com,ConsoleLogin,us-east-1,146.112.44.44,"Mozilla/5.0 (Windows NT 10.0; Win64; x64) AppleWebKit/537.36 (KHTML, like Gecko) Chrome/87.0.4280.141 Safari/537.36",,[],,e9e17c4d-fadb-4947-bd7b-ab86efff1a0c,FALSE,AwsConsoleSignIn,5.71857E+11,Management
HIDDEN_DUE_TO_SECURITY_REASONS,,2021-01-22T01:09:58Z,signin.amazonaws.com,ConsoleLogin,us-east-1,146.112.44.44,"Mozilla/5.0 (Windows NT 10.0; Win64; x64) AppleWebKit/537.36 (KHTML, like Gecko) Chrome/87.0.4280.141 Safari/537.36",,[],,71ba216e-ecf0-417a-a5d8-41f364af45cc,FALSE,AwsConsoleSignIn,5.71857E+11,Management
HIDDEN_DUE_TO_SECURITY_REASONS,,2021-01-22T01:09:48Z,signin.amazonaws.com,ConsoleLogin,us-east-1,146.112.44.44,"Mozilla/5.0 (Windows NT 10.0; Win64; x64) AppleWebKit/537.36 (KHTML, like Gecko) Chrome/87.0.4280.141 Safari/537.36",,[],,007daa72-294a-4c91-abea-83061310a37e,FALSE,AwsConsoleSignIn,5.71857E+11,Management
HIDDEN_DUE_TO_SECURITY_REASONS,,2021-01-22T01:09:41Z,signin.amazonaws.com,ConsoleLogin,us-east-1,146.112.44.44,"Mozilla/5.0 (Windows NT 10.0; Win64; x64) AppleWebKit/537.36 (KHTML, like Gecko) Chrome/87.0.4280.141 Safari/537.36",,[],,21a01d5c-14d6-46c0-8ff1-deda353d7453,FALSE,AwsConsoleSignIn,5.71857E+11,Management
root,ASIAYKJK2ZQKL4VMWYHV,2021-01-22T01:08:24Z,iam.amazonaws.com,AttachGroupPolicy,us-east-1,146.112.245.195,console.amazonaws.com,,"[{""resourceType"":""AWS::IAM::Policy"",""resourceName"":""arn:aws:iam::aws:policy/AmazonS3FullAccess""},{""resourceType"":""AWS::IAM::Group"",""resourceName"":""CloudTrailAdmins""}]",1d858450-e999-4ac3-91b1-bf1d2990167a,9b43e30d-f211-47a5-9647-e7d02dd700a1,FALSE,AwsApiCall,5.71857E+11,Management
root,,2021-01-22T01:07:31Z,signin.amazonaws.com,ConsoleLogin,us-east-1,146.112.44.132,"Mozilla/5.0 (Windows NT 10.0; Win64; x64) AppleWebKit/537.36 (KHTML, like Gecko) Chrome/87.0.4280.141 Safari/537.36",,[],,d326f9e3-53b0-4d36-bffc-bfe27bfb6046,FALSE,AwsConsoleSignIn,5.71857E+11,Management
CloudTrail,ASIAYKJK2ZQKLTY4P7NM,2021-01-22T01:04:10Z,s3.amazonaws.com,PutBucketPolicy,us-east-1,146.112.245.213,"[AWSCloudTrail, aws-internal/3 aws-sdk-java/1.11.920 Linux/4.9.230-0.1.ac.223.84.332.metal1.x86_64 OpenJDK_64-Bit_Server_VM/25.275-b01 java/1.8.0_275 vendor/Oracle_Corporation]",AccessDenied,"[{""resourceType"":""AWS::S3::Bucket"",""resourceName"":""primaryudacitywebsite""}]",FE01D0ED731663FD,c818373e-b67e-4998-9ff3-dcab7ac8bd41,FALSE,AwsApiCall,5.71857E+11,Management
CloudTrail,ASIAYKJK2ZQKLTY4P7NM,2021-01-22T01:03:59Z,s3.amazonaws.com,PutBucketPolicy,us-east-1,146.112.245.213,"[AWSCloudTrail, aws-internal/3 aws-sdk-java/1.11.920 Linux/4.9.230-0.1.ac.223.84.332.metal1.x86_64 OpenJDK_64-Bit_Server_VM/25.275-b01 java/1.8.0_275 vendor/Oracle_Corporation]",AccessDenied,"[{""resourceType"":""AWS::S3::Bucket"",""resourceName"":""primaryudacitywebsite""}]",FBA2144C529FDC9B,28c339a8-5224-4287-8d6e-abab6bd8add7,FALSE,AwsApiCall,5.71857E+11,Management
CloudTrail,ASIAYKJK2ZQKD4MD6WDD,2021-01-22T00:57:49Z,iam.amazonaws.com,ChangePassword,us-east-1,AWS Internal,AWS Internal,,[],1aa0b2d6-c522-4bef-bada-e7614f3112ec,6e377a4a-54e3-4fe7-9f4b-8fd0fb1028ce,FALSE,AwsApiCall,5.71857E+11,Management
CloudTrail,,2021-01-22T00:57:29Z,signin.amazonaws.com,ConsoleLogin,us-east-1,146.112.44.213,"Mozilla/5.0 (Windows NT 10.0; Win64; x64) AppleWebKit/537.36 (KHTML, like Gecko) Chrome/87.0.4280.141 Safari/537.36",,[],,83781d48-69c5-4ec3-ae39-dc9b983ebd2a,FALSE,AwsConsoleSignIn,5.71857E+11,Management
root,ASIAYKJK2ZQKDKBKBN4U,2021-01-22T00:54:43Z,iam.amazonaws.com,CreateLoginProfile,us-east-1,146.112.44.132,console.amazonaws.com,,"[{""resourceType"":""AWS::IAM::User"",""resourceName"":""Accountant""}]",8a477ed0-4aa6-446c-8bc3-fa378102bbed,d264c1ff-3990-4d50-858b-7fb5d782688c,FALSE,AwsApiCall,5.71857E+11,Management
root,ASIAYKJK2ZQKDKBKBN4U,2021-01-22T00:54:42Z,iam.amazonaws.com,AddUserToGroup,us-east-1,146.112.44.132,console.amazonaws.com,,"[{""resourceType"":""AWS::IAM::User"",""resourceName"":""Accountant""},{""resourceType"":""AWS::IAM::Group"",""resourceName"":""Reviewers""}]",6ff0191f-3494-4a28-bda7-00396bdd7178,5bf6fd6e-b2f9-431b-a1e6-2caa6d4ff4ec,FALSE,AwsApiCall,5.71857E+11,Management
root,ASIAYKJK2ZQKDKBKBN4U,2021-01-22T00:54:42Z,iam.amazonaws.com,CreateUser,us-east-1,146.112.44.132,console.amazonaws.com,,"[{""resourceType"":""AWS::IAM::User"",""resourceName"":""Accountant""},{""resourceType"":""AWS::IAM::User"",""resourceName"":""AIDAYKJK2ZQKGAFPOBQGL""},{""resourceType"":""AWS::IAM::User"",""resourceName"":""arn:aws:iam::571857357844:user/Accountant""}]",32712b4c-0aae-4081-9e45-f37f1c713803,d78cbcdc-4b42-404e-b60a-51a55405f461,FALSE,AwsApiCall,5.71857E+11,Management
root,ASIAYKJK2ZQKDKBKBN4U,2021-01-22T00:53:15Z,iam.amazonaws.com,CreateLoginProfile,us-east-1,146.112.44.132,console.amazonaws.com,,"[{""resourceType"":""AWS::IAM::User"",""resourceName"":""CloudTrail""}]",4a1bb713-4c4c-42e8-ac60-7cb8eb044bde,b9b2f703-7353-4f89-9741-f6868e0078e4,FALSE,AwsApiCall,5.71857E+11,Management
root,ASIAYKJK2ZQKDKBKBN4U,2021-01-22T00:53:14Z,iam.amazonaws.com,CreateUser,us-east-1,146.112.44.132,console.amazonaws.com,,"[{""resourceType"":""AWS::IAM::User"",""resourceName"":""arn:aws:iam::571857357844:user/CloudTrail""},{""resourceType"":""AWS::IAM::User"",""resourceName"":""CloudTrail""},{""resourceType"":""AWS::IAM::User"",""resourceName"":""AIDAYKJK2ZQKJQENIBPPO""}]",2b2cd157-c060-4edf-a8aa-76b1d510319e,0dd6bdd8-863b-4dcf-9691-3c5e9740445b,FALSE,AwsApiCall,5.71857E+11,Management
root,ASIAYKJK2ZQKDKBKBN4U,2021-01-22T00:53:14Z,iam.amazonaws.com,AddUserToGroup,us-east-1,146.112.44.132,console.amazonaws.com,,"[{""resourceType"":""AWS::IAM::User"",""resourceName"":""CloudTrail""},{""resourceType"":""AWS::IAM::Group"",""resourceName"":""CloudTrailAdmins""}]",e31ad050-69d6-45d9-8844-ffa4363dbc42,9e94016b-4f6a-44d6-93ab-a654efc98c01,FALSE,AwsApiCall,5.71857E+11,Management
root,ASIAYKJK2ZQKBTNFGPDC,2021-01-22T00:49:44Z,iam.amazonaws.com,AttachGroupPolicy,us-east-1,146.112.44.222,console.amazonaws.com,,"[{""resourceType"":""AWS::IAM::Policy"",""resourceName"":""arn:aws:iam::aws:policy/job-function/Billing""},{""resourceType"":""AWS::IAM::Group"",""resourceName"":""Reviewers""}]",9013c2a6-6cad-4a6a-9f35-f8251f19e43b,0e7141f5-c8fb-4ea0-904c-e259fc6bde70,FALSE,AwsApiCall,5.71857E+11,Management
root,ASIAYKJK2ZQKBTNFGPDC,2021-01-22T00:49:44Z,iam.amazonaws.com,CreateGroup,us-east-1,146.112.44.222,console.amazonaws.com,,"[{""resourceType"":""AWS::IAM::Group"",""resourceName"":""arn:aws:iam::571857357844:group/Reviewers""},{""resourceType"":""AWS::IAM::Group"",""resourceName"":""Reviewers""},{""resourceType"":""AWS::IAM::Group"",""resourceName"":""AGPAYKJK2ZQKB4SMF24MW""}]",878d38fb-caec-4bd7-b665-9902b18f24cf,19a99d85-584b-4565-93ef-bf494458f385,FALSE,AwsApiCall,5.71857E+11,Management
root,ASIAYKJK2ZQKBTNFGPDC,2021-01-22T00:49:04Z,iam.amazonaws.com,AttachGroupPolicy,us-east-1,146.112.44.222,console.amazonaws.com,,"[{""resourceType"":""AWS::IAM::Policy"",""resourceName"":""arn:aws:iam::aws:policy/AWSCloudTrail_FullAccess""},{""resourceType"":""AWS::IAM::Group"",""resourceName"":""CloudTrailAdmins""}]",4d7ca37b-85ac-4bbc-a515-dd710cbb400b,08cce4d9-bced-4368-9d65-4e72e732d34a,FALSE,AwsApiCall,5.71857E+11,Management
root,ASIAYKJK2ZQKBTNFGPDC,2021-01-22T00:49:04Z,iam.amazonaws.com,CreateGroup,us-east-1,146.112.44.222,console.amazonaws.com,,"[{""resourceType"":""AWS::IAM::Group"",""resourceName"":""CloudTrailAdmins""},{""resourceType"":""AWS::IAM::Group"",""resourceName"":""arn:aws:iam::571857357844:group/CloudTrailAdmins""},{""resourceType"":""AWS::IAM::Group"",""resourceName"":""AGPAYKJK2ZQKD7VCHIEHO""}]",6277b465-b1be-4308-aedb-260c3969a3b3,6cffe943-5041-489d-a010-fbfa148d4336,FALSE,AwsApiCall,5.71857E+11,Management
root,ASIAYKJK2ZQKBTNFGPDC,2021-01-22T00:49:04Z,iam.amazonaws.com,AttachGroupPolicy,us-east-1,146.112.44.222,console.amazonaws.com,,"[{""resourceType"":""AWS::IAM::Policy"",""resourceName"":""arn:aws:iam::aws:policy/AWSCloudTrailReadOnlyAccess""},{""resourceType"":""AWS::IAM::Group"",""resourceName"":""CloudTrailAdmins""}]",59b050c7-b063-40fd-912d-ea4498695a00,ce67572c-c412-4645-a1d1-6c423c72c636,FALSE,AwsApiCall,5.71857E+11,Management
root,ASIAYKJK2ZQKBTNFGPDC,2021-01-22T00:45:18Z,iam.amazonaws.com,UpdateAccountPasswordPolicy,us-east-1,146.112.44.222,console.amazonaws.com,,[],56c23ea4-830e-403e-bfae-848ab4b2504e,3c22f31b-c974-4b14-bf7c-cfb639d0dbe6,FALSE,AwsApiCall,5.71857E+11,Management
root,ASIAYKJK2ZQKBTNFGPDC,2021-01-22T00:44:51Z,iam.amazonaws.com,UpdateAccountPasswordPolicy,us-east-1,146.112.44.222,console.amazonaws.com,,[],b186838b-c31c-41a5-9575-cd4638d697e8,a1a70b3d-495f-466c-b7f5-f3c499537fba,FALSE,AwsApiCall,5.71857E+11,Management
root,,2021-01-22T00:41:59Z,signin.amazonaws.com,ConsoleLogin,us-east-1,146.112.245.208,"Mozilla/5.0 (Windows NT 10.0; Win64; x64) AppleWebKit/537.36 (KHTML, like Gecko) Chrome/87.0.4280.141 Safari/537.36",,[],,9b690c05-e6f2-41cd-8b6e-8eb5ab5b86c0,FALSE,AwsConsoleSignIn,5.71857E+11,Management
root,,2021-01-20T23:51:52Z,signin.amazonaws.com,ConsoleLogin,us-east-1,146.112.245.227,"Mozilla/5.0 (Windows NT 10.0; Win64; x64) AppleWebKit/537.36 (KHTML, like Gecko) Chrome/87.0.4280.141 Safari/537.36",,[],,5e9dce14-320a-4a1a-a62e-51ef7a794517,FALSE,AwsConsoleSignIn,5.71857E+11,Management
root,,2021-01-20T00:31:43Z,signin.amazonaws.com,ConsoleLogin,us-east-1,146.112.242.216,"Mozilla/5.0 (Windows NT 10.0; Win64; x64) AppleWebKit/537.36 (KHTML, like Gecko) Chrome/87.0.4280.141 Safari/537.36",,[],,66a5ce19-fdfc-4680-8748-4bd4c6beb247,FALSE,AwsConsoleSignIn,5.71857E+11,Management
root,ASIAYKJK2ZQKNQKIX42K,2021-01-17T15:35:20Z,dynamodb.amazonaws.com,DescribeKinesisStreamingDestination,us-east-1,68.39.0.122,console.amazonaws.com,,[],NKCA43MA5CT9MAPTQDGOMCP5FJVV4KQNSO5AEMVJF66Q9ASUAAJG,34f60fe7-1dbd-4d58-ac74-338520697b73,FALSE,AwsApiCall,5.71857E+11,Management
